,Food Letter Grades,Average Change in Tuition Fee (5 Years)
0,A,4291.863888888889
1,A+,4582.162079510704
2,B,4273.853448275862
3,C,3894.7016574585637
4,D,4495.447562776957
